Workbook

Sheet Summary
B2: S No. | C2: State | D2: Grid Landed Tariff (₹/kWh) | E2: 132 kV Landed Tariff (₹/kWh) | F2: 33 kV Landed Tariff(₹/kWh)
B3: 1 | C3: Karnataka | D3: =AVERAGE(Karnataka!O4:O7) -> 7.984 | E3: 4.4404182 | F3: 5.0794518
B4: 2 | C4: Andhra Pradesh | D4: =SUMPRODUCT('Andhra pradesh'!L4:L6,'Andhra pradesh'!M4:M6)/SUM('Andhra pradesh'!M4:M6) -> 5.8495833 | E4: 4.2511915 | F4: 4.7557521
B5: 3 | C5: Tamil Nadu | D5: =SUMPRODUCT('Tamil Nadu'!M3:M5,'Tamil Nadu'!N3:N5)/SUM('Tamil Nadu'!N3:N5) -> 8.415625 | E5: 4.3498596 | F5: 5.7663849
B6: 4 | C6: Maharashtra | D6: =SUMPRODUCT(Maharashtra!L3:L5,Maharashtra!M3:M5)/SUM(Maharashtra!M3:M5) -> #DIV/0! | E6: 4.6809493 | F6: 5.7587757
B7: 5 | C7: Rajasthan | D7: =SUMPRODUCT('Rajasthan '!K3:K6,'Rajasthan '!L3:L6)/SUM('Rajasthan '!L3:L6) -> 6.9270833 | E7: 4.5676764 | F7: 4.8785873
B8: 6 | C8: UP | D8: =AVERAGE(UP!P9:P12) -> 6.5575 | E8: 4.1355316 | F8: 4.8412558

Sheet Karnataka
B2: Open Access Charges | H2: Grid
B3: S.no. | C3: Particular | D3: Unit | E3: Value | H3: TOD | I3: Base Tariff | J3: P&G charges | K3: Electricity Duty | L3: FAC Surcharge | M3: Tariff Charges (Rs/Kwh) | N3: TOD Charges (Rs/Kwh) | O3: TOD Tariff Charges(Rs/Kwh)
B4: 1 | C4: Demand Charges | D4: INR/KVA/Month | E4: 365 | H4: 06.00 Hrs to 09.00 Hrs | I4: 6.6 | J4: 0.36 | K4: 0.594 | L4: 0.18 | M4: =I4+J4+K4+L4 -> 7.734 | N4: (+)1.00 | O4: =M4+1 -> 8.734
B5: 2 | C5: State Transmission Charges LTOA | D5: INR/Kw/month | E5: 229.09 | H5: 09.00 Hrs to 18.00 Hrs | I5: 6.6 | J5: 0.36 | K5: 0.594 | L5: 0.18 | M5: =I5+J5+K5+L5 -> 7.734 | N5: 0 | O5: =M5 -> 7.734
B6: 3 | C6: State Transmission Charges STOA | D6: INR/Kwh | E6: 0.65519 | H6: 18.00 Hrs to 22.00 hrs | I6: 6.6 | J6: 0.36 | K6: 0.594 | L6: 0.18 | M6: =I6+J6+K6+L6 -> 7.734 | N6: (+)1.00 | O6: =M6+1 -> 8.734
B7: 4 | C7: State Transmission Losses | D7: % | E7: 0.0287 | H7: 22.00 Hrs to 06.00 Hrs | I7: 6.6 | J7: 0.36 | K7: 0.594 | L7: 0.18 | M7: =I7+J7+K7+L7 -> 7.734 | N7: (-)1.00 | O7: =M7-1 -> 6.734
B8: 5 | C8: State Wheeling Charges | D8: INR/kWh | E8: 0.37
B9: 6 | C9: State Wheeling Losses | D9: % | E9: 0.05
B10: 7 | C10: Cross Subsidy Surcharge | D10: INR/kWh | E10: 1.87
B11: 8 | C11: Additional Surcharge | D11: INR/kWh | E11: 0
B12: 9 | C12: Electricity Duty | D12: INR/kWh | E12: 0.59
B13: 10 | C13: Electricity Duty (captive and Group Captive) | D13: INR/kWh | E13: 0.2
B14: 11 | C14: Banking Charges | D14: % | E14: 0.08
B15: 12 | C15: Application fee and Operating Charges | D15: ₹/MW/Month | E15: 2436
B17: Landed Cost
B18: S.No. | C18: Particulars | D18: UoM | E18: Hybrid
B19: 1 | C19: Capacity | D19: MWac | E19: 1
B20: 2 | C20: Expected CUF (AC) | D20: % | E20: 0.55962119
B21: 3 | C21: Expected energy generation/annum | D21: Cr. kWh | E21: =E19*E20*24*365*1000/10^7 -> 0.49022816
B22: 4 | C22: STU Transmission Losses | D22: % | E22: =E7 -> 0.0287
B23: 5 | C23: Wheeling Losses | D23: % | E23: =E9 -> 0.05
B24: 6 | C24: Expected Energy after Losses | D24: Cr. kWh | E24: =E21*(1-E22)*(1-E23) -> 0.45235068
B25: 7 | C25: Banking Charges (of total generation (back calculated)) | D25: % | E25: 0.010721048
B26: 8 | C26: Units Wasted (back calculated) | D26: % | E26: 0
B27: 9 | C27: Expected energy Delivered/annum | D27: Cr. kWh | E27: =E24*(1-E25)*(1-E26) -> 0.44750101
B28: 10 | C28: Tariff at Injection point | D28: INR /kWh | E28: 3.5
B29: 11 | C29: Transmission Charges | D29: INR /kWh | E29: =E5*E19*12*1000/(E21*10^7) -> 0.56077562
B30: 12 | C30: Wheeling Charges | D30: INR /kWh | E30: =E8 -> 0.37
B31: 13 | C31: Cross subsidy surcharge | D31: INR /kWh | E31: 0
B32: 14 | C32: Additional Surcharge | D32: INR /kWh | E32: 0
B33: 15 | C33: Electricity Duty | D33: INR /kWh | E33: =E13 -> 0.2
B34: 16 | C34: Application Fee and Operating charges | D34: INR /kWh | E34: =E15*E19*12/(E21*10^7) -> 0.0059629377
B35: 17 | C35: Tariff at drawl point | D35: INR /kWh | E35: =SUM(E28:E34) -> 4.6367386
B36: 18 | C36: Tariff at drawl point including Losses | D36: INR /kWh | E36: =E35*E21/E27 -> 5.0794518

Sheet Andhra pradesh
B1: Open access charge | G1: Grid Tariff
B2: S.no. | C2: Particular | D2: Unit | E2: Value | G2: Time of Day tariff (TOD) (Low Grid Demand) (Jun 25-Aug 25) & (Nov 25- Jan'26)
B3: 1 | C3: Demand Charges | D3: INR/KVA/Month | E3: 475 | H3: TOD | I3: TOD Tariff (Rs/Kwh) | J3: Electricity Duty | K3: FPPCA | L3: Landed TOD Tariff
B4: 2 | C4: State Transmission Charges LTOA | D4: INR/Kwh | E4: 0.2 | G4: Peak | H4: 6am - 10 am/ 6pm - 10pm | I4: 6.4 | J4: 0.06 | K4: 0.4 | L4: =SUM(I4:K4) -> 6.86 | M4: 8
B5: 3 | C5: State Transmission Charges STOA | D5: INR/Kwh | E5: 0.2 | G5: Off-Peak | H5: 12am - 6am, 10am - 3pm | I5: 4.65 | J5: 0.06 | K5: 0.4 | L5: =SUM(I5:K5) -> 5.11 | M5: =6+5 -> 11
B6: 4 | C6: State Transmission Losses | D6: % | E6: 0.028 | G6: Normal | H6: 3pm - 6pm, 10pm- 12am | I6: 5.4 | J6: 0.06 | K6: 0.4 | L6: =SUM(I6:K6) -> 5.86 | M6: =3+2 -> 5
B7: 5 | C7: State Wheeling Charges | D7: INR/kWh | E7: 0.47 | F7: https://aperc.gov.in/admin/upload/MYTOrderforWheelingBusinessforthe5thControlPeriodFY202425toFY202829.pdf Page 80
B8: 6 | C8: State Wheeling Losses | D8: % | E8: 0.0298 | G8: Time of Day tariff (TOD) (High Grid Demand) (Feb 26, Mar 26), (Apr’25- May 25) & (Sep25- Oct25)
B9: 7 | C9: Cross Subsidy Surcharge | D9: INR/kWh | E9: 1.55 | H9: TOD | I9: TOD Tariff (Rs/Kwh) | J9: Electricity Duty | K9: FPPCA | L9: Landed TOD Tariff
B10: 8 | C10: Additional Surcharge | D10: INR/kWh | E10: 0.93 | G10: Peak | H10: 6am - 10 am/ 6pm - 10pm | I10: 6.9 | J10: 0.06 | K10: 0.4 | L10: =SUM(I10:K10) -> 7.36
B11: 9 | C11: Electricity Duty | D11: INR/kWh | E11: 0.06 | G11: Off-Peak | H11: 12am - 6am, 10am - 3pm | I11: 4.65 | J11: 0.06 | K11: 0.4 | L11: =SUM(I11:K11) -> 5.11
B12: 10 | C12: Electricity Duty (captive and Group Captive) | D12: INR/kWh | E12: 0.06 | G12: Normal | H12: 3pm - 6pm, 10pm- 12am | I12: 5.4 | J12: 0.06 | K12: 0.4 | L12: =SUM(I12:K12) -> 5.86
B13: 11 | C13: Banking Charges | D13: % | E13: 0.08
B15: Landed Cost | E15: Group Captive
B16: S.No. | C16: Particulars | D16: UoM | E16: Hybrid
B17: 1 | C17: Capacity | D17: MWac | E17: 1
B18: 2 | C18: Expected CUF (AC) | D18: % | E18: 0.55962119
B19: 3 | C19: Expected energy generation/annum | D19: Cr. kWh | E19: =E17*E18*24*365*1000/10^7 -> 0.49022816
B20: 4 | C20: STU Transmission Losses | D20: % | E20: =E6 -> 0.028
B21: 5 | C21: Wheeling Losses | D21: % | E21: =E8 -> 0.0298
B22: 6 | C22: Expected Energy after Losses | D22: Cr. kWh | E22: =E19*(1-E20)*(1-E21) -> 0.46230202
B23: 7 | C23: Banking Charges (of total generation (back calculated)) | D23: % | E23: 0.012227391
B24: 8 | C24: Units Wasted (back calculated) | D24: % | E24: 0
B25: 9 | C25: Expected energy Delivered/annum | D25: Cr. kWh | E25: =E22*(1-E23)*(1-E24) -> 0.45664927
B26: 10 | C26: Tariff at Injection point | D26: INR /kWh | E26: 3.5
B27: 11 | C27: Transmission Charges | D27: INR /kWh | E27: 0.4
B28: 12 | C28: Wheeling Charges | D28: INR /kWh | E28: =E7 -> 0.47
B29: 13 | C29: Cross subsidy surcharge | D29: INR /kWh | E29: 0
B30: 14 | C30: Additional Surcharge | D30: INR /kWh | E30: 0
B31: 15 | C31: Electricity Duty | D31: INR /kWh | E31: =E12 -> 0.06
B32: 16 | C32: Tariff at drawl point | D32: INR /kWh | E32: =SUM(E26:E31) -> 4.43
B33: 17 | C33: Tariff at drawl point including Losses | D33: INR /kWh | E33: =E32*E19/E25 -> 4.7557521

Sheet Tamil Nadu
B1: Open access Charges | H1: Grid Tariff
B2: S.no. | C2: Particular | D2: Unit | E2: Value | I2: TOD | J2: Tod Charges | K2: TOD Tariff (Rs/Kwh) | L2: Electricity Duty | M2: Landed TOD Tariff
B3: 1 | C3: Demand Charges | D3: INR/KVA/Month | E3: 608 | H3: Peak | I3: 6.00A.M to 10.00 A.M 6.00 P.M to 10.00 P.M. | J3: 25% Extra on Energy Charges | K3: =K5*(1+25%) -> 9.375 | L3: 0.4 | M3: =SUM(K3:L3) -> 9.775 | N3: 8
B4: 2 | C4: State Transmission Charges LTOA | D4: ₹/Kw/Day | E4: 5.80347 | F4: 0.5 | G4: Subsidy on transmission charges | H4: Off-Peak | I4: 10.00 P.M to 5.00 A.M | J4: 5% off on the energy charges | K4: 7.125 | L4: 0.4 | M4: =SUM(K4:L4) -> 7.525 | N4: 7
B5: 3 | C5: State Transmission Charges STOA | D5: ₹/kW/Hr | E5: 0.24181 | F5: 0.5 | G5: Subsidy on transmission charges | H5: Normal | I5: 5:00am-6:00 A.M 10:00 A.M to 18:00 P.M | J5: - | K5: 7.5 | L5: 0.4 | M5: =SUM(K5:L5) -> 7.9 | N5: 9
B6: 4 | C6: State Transmission Losses | D6: % | E6: 0.0381
B7: 5 | C7: State Wheeling Charges | D7: INR/kWh | E7: 1.04
B8: 6 | C8: State Wheeling Losses | D8: % | E8: 0.0535
B9: 7 | C9: Cross Subsidy Surcharge | D9: INR/kWh | E9: 1.99
B10: 8 | C10: Additional Surcharge | D10: INR/kWh | E10: 0.93
B11: 9 | C11: Electricity Duty | D11: INR/kWh | E11: 0.4
B12: 10 | C12: Electricity Duty (captive and Group Captive) | D12: INR/kWh | E12: 0.1
B13: 11 | C13: Banking Charges | D13: % | E13: 0.08
B14: 12 | C14: Scheduling Charges | D14: INR/day | E14: 209
B15: 13 | C15: System Operation Charges | D15: INR/MW/Day | E15: 96.16
B17: Landed Cost (ariyalur) | E17: Group Captive
B18: S.No. | C18: Particulars | D18: UoM | E18: Solar | F18: Wind
B19: 1 | C19: Capacity | D19: MWac | E19: 22 | F19: 11
B20: 2 | C20: Expected CUF (AC) | D20: % | E20: 0.25953743 | F20: 0.35955091
B21: 3 | C21: Expected energy generation/annum | D21: Cr. kWh | E21: =E19*E20*24*365*1000/10^7 -> 5.0018054 | F21: =F19*F20*24*365*1000/10^7 -> 3.4646326
B22: 4 | C22: STU Transmission Losses | D22: % | E22: =E6 -> 0.0381 | F22: =E6 -> 0.0381
B23: 5 | C23: Wheeling Losses | D23: % | E23: =E8 -> 0.0535 | F23: =E8 -> 0.0535
B24: 6 | C24: Expected Energy after Losses | D24: Cr. kWh | E24: =E21*(1-E22)*(1-E23) -> 4.5538354 | F24: =F21*(1-F22)*(1-F23) -> 3.1543344
B25: 7 | C25: Banking Charges (of total generation (back calculated)) | D25: % | E25: 0.024214501 | F25: 0.024214501
B26: 8 | C26: Units Wasted (back calculated) | D26: % | E26: 0 | F26: 0
B27: 9 | C27: Expected energy Delivered/annum | D27: Cr. kWh | E27: =E24*(1-E25)*(1-E26) -> 4.4435666 | F27: =F24*(1-F25)*(1-F26) -> 3.0779538
B28: 10 | C28: Tariff at Injection point | D28: INR /kWh | E28: 3.5 | F28: 3.38
B29: 11 | C29: Transmission Charges | D29: INR /kWh | E29: =E4*F4*E19*1000*365/(E21*10^7) -> 0.46585043 | F29: =E4*F4*F19*1000*365/(F21*10^7) -> 0.33626844
B30: 12 | C30: Wheeling Charges | D30: INR /kWh | E30: =E7 -> 1.04 | F30: =F7 -> 0
B31: 13 | C31: Cross subsidy surcharge | D31: INR /kWh | E31: 0 | F31: 0
B32: 14 | C32: Additional Surcharge | D32: INR /kWh | E32: 0 | F32: 0
B33: 15 | C33: Electricity Duty | D33: INR /kWh | E33: =E12 -> 0.1 | F33: =E12 -> 0.1
B34: 16 | C34: Scheduling Charges | D34: INR /kWh | E34: =E14*365/(E21*10^7) -> 0.0015251493 | F34: =E14*365/(F21*10^7) -> 0.0022018208
B35: 17 | C35: System Operation Charges | D35: INR /kWh | E35: =E15*E19*365/(E21*10^7) -> 0.015437722 | F35: =E15*F19*365/(F21*10^7) -> 0.011143531
B36: 18 | C36: Tariff at drawl point | D36: INR /kWh | E36: =SUM(E28:E35) -> 5.1228133 | F36: =SUM(F28:F35) -> 3.8296138
B37: 19 | C37: Tariff at drawl point including Losses | D37: INR /kWh | E37: =E36*E21/E27 -> 5.7663849 | F37: =F36*F21/F27 -> 4.3107226

Sheet Maharashtra
B1: Open Access Charges
B2: S.no. | C2: Particular | D2: Unit | E2: Value
B3: 1 | C3: Demand Charges | D3: INR/KVA/Month | E3: 600
B4: 2 | C4: State Transmission Charges LTOA | D4: ₹/Kwh | E4: 1.04
B5: 3 | C5: State Transmission Losses | D5: % | E5: 0.0328
B6: 4 | C6: State Wheeling Charges | D6: INR/kWh | E6: 0.62
B7: 5 | C7: State Wheeling Losses | D7: % | E7: 0.075
B8: 6 | C8: Cross Subsidy Surcharge | D8: INR/kWh | E8: 1.82
B9: 7 | C9: Additional Surcharge | D9: INR/kWh | E9: 0
B10: 8 | C10: Electricity Duty | D10: INR/kWh | E10: 0.65
B11: 9 | C11: Electricity Duty (captive and Group Captive) | D11: INR/kWh | E11: 0
B12: 10 | C12: Banking Charges | D12: % | E12: 0.08
B13: 11 | C13: Operating Charge | D13: INR/MW | E13: 29830
B15: Landed Cost | E15: Group Captive
B16: S.No. | C16: Particulars | D16: UoM | E16: Solar @ 33kv Injection | F16: Solar @ 132kv Injection
B17: 1 | C17: Capacity | D17: MWac | E17: 4 | F17: 4
B18: 2 | C18: Expected CUF (AC) | D18: % | E18: 0.25953743 | F18: 0.25953743
B19: 3 | C19: Expected energy generation/annum | D19: Cr. kWh | E19: =E17*E18*24*365*1000/10^7 -> 0.90941916 | F19: =F17*F18*24*365*1000/10^7 -> 0.90941916
B20: 4 | C20: STU Transmission Losses | D20: % | E20: =E5 -> 0.0328 | F20: =E5 -> 0.0328
B21: 5 | C21: Wheeling Losses | D21: % | E21: =E7 -> 0.075 | F21: 0
B22: 6 | C22: Expected Energy after Losses | D22: Cr. kWh | E22: =E19*(1-E20)*(1-E21) -> 0.81362094 | F22: =F19*(1-F20)*(1-F21) -> 0.87959021
B23: 7 | C23: Banking Charges (of total generation (back calculated)) | D23: % | E23: =30%*8% -> 0.024 | F23: =30%*8% -> 0.024
B24: 8 | C24: Expected energy Delivered/annum | D24: Cr. kWh | E24: =E22*(1-E23) -> 0.79409404 | F24: =F22*(1-F23) -> 0.85848004
B25: 9 | C25: Tariff at Injection point | D25: INR /kWh | E25: 3.5 | F25: 3.5
B26: 10 | C26: Transmission Charges | D26: INR /kWh | E26: =$E$4 -> 1.04 | F26: =$E$4 -> 1.04
B27: 11 | C27: Wheeling Charges | D27: INR /kWh | E27: =E6 -> 0.62 | F27: 0
B28: 12 | C28: Cross subsidy surcharge | D28: INR /kWh | E28: 0 | F28: 0
B29: 13 | C29: Additional Surcharge | D29: INR /kWh | E29: 0 | F29: 0
B30: 14 | C30: Electricity Duty | D30: INR /kWh | E30: =E11 -> 0 | F30: =F11 -> 0
B31: 15 | C31: Operating Charges | D31: INR /kWh | E31: =E13*E17/(E19*10^7) -> 0.013120463 | F31: =F13*F17/(F19*10^7) -> 0
B32: 16 | C32: Tariff at drawl point | D32: INR /kWh | E32: =SUM(E25:E31) -> 5.1731205 | F32: =SUM(F25:F31) -> 4.54
B33: 17 | C33: Tariff at drawl point including Losses | D33: INR /kWh | E33: =E32*E19/E24 -> 5.9244052 | F33: =F32*F19/F24 -> 4.8093872

Sheet Rajasthan 
B1: Open Access Charges | G1: Grid tariff
B2: S.no. | C2: Particular | D2: Unit | E2: Value | G2: Slot | H2: ToD | I2: Energy Charge | J2: ED | K2: Landed Traiff
B3: 1 | C3: State Transmission Charges LTOA | D3: inr/kW/month | E3: 170.79 | G3: ToD 2 | H3: 6:00 - 8:00 | I3: =6.5*(1+0.05) -> 6.825 | J3: 0.4 | K3: =I3+J3 -> 7.225 | L3: 2
B4: 2 | C4: State Transmission Charges STOA | D4: INR/Kwh | E4: 0.464 | G4: ToD 1 | H4: 00:00 - 6:00 08:00 - 12:00 16:00 - 18:00 22:00 - 00:00 | I4: 6.5 | J4: 0.4 | K4: =I4+J4 -> 6.9 | L4: 14
B5: 3 | C5: State Transmission Losses | D5: % | E5: 0.042 | G5: ToD 4 | H5: 18:00 - 22:00 | I5: =6.5*(1+0.1) -> 7.15 | J5: 0.4 | K5: =I5+J5 -> 7.55 | L5: 4
B6: 4 | C6: State Wheeling Charges | D6: INR/kWh | E6: 0.12 | G6: ToD 3 | H6: 12:00 - 16:00 | I6: =6.5*(1-0.1) -> 5.85 | J6: 0.4 | K6: =I6+J6 -> 6.25 | L6: 4
B7: 5 | C7: State Wheeling Losses | D7: % | E7: 0.038
B8: 6 | C8: Cross Subsidy Surcharge | D8: INR/kWh | E8: 1.65
B9: 7 | C9: Additional Surcharge | D9: INR/kWh | E9: 0.7
B10: 8 | C10: Electricity Duty | D10: INR/kWh | E10: 0.5
B11: 9 | C11: Electricity Duty (captive and Group Captive) | D11: INR/kWh | E11: 0
B12: 10 | C12: Capping of Banked Energy | D12: % | E12: 0.3
B13: 11 | C13: Banking Charges | D13: % | E13: 0.08
B15: Landed Tariff
B16: S.No. | C16: Particulars | D16: UoM | E16: Solar
B17: 1 | C17: Voltage Level | D17: kV | E17: 33 kV
B18: 6 | C18: Capacity | D18: MWac | E18: 1
B19: 7 | C19: Expected CUF (AC) | D19: % | E19: 0.26995956
B20: 8 | C20: Expected energy generation/annum | D20: Cr. kWh | E20: =E18*E19*24*365*1000/10^7 -> 0.23648457
B21: 9 | C21: STU Transmission Losses | D21: % | E21: =E5 -> 0.042
B22: 10 | C22: Wheeling Losses | D22: % | E22: =E7 -> 0.038
B23: 11 | C23: Expected Energy after Losses | D23: Cr. kWh | E23: =E20*(1-E21)*(1-E22) -> 0.21794324
B24: 12 | C24: Banking Charges | D24: % | E24: 0.0021001106
B25: 13 | C25: Units Wasted | D25: % | E25: 0
B26: 14 | C26: Expected energy Delivered/annum | D26: Cr. kWh | E26: =E23*(1-E24)*(1-E25) -> 0.21748553
B27: 15 | C27: Tariff at Injection point | D27: INR /kWh | E27: 3.5
B28: 16 | C28: Transmission Charges | D28: INR /kWh | E28: =E3*12*E18*1000/(E20*10^7) -> 0.86664426
B29: 17 | C29: Wheeling Charges | D29: INR /kWh | E29: =E6 -> 0.12
B30: 18 | C30: Cross subsidy surcharge | D30: INR /kWh | E30: 0
B31: 19 | C31: Additional Surcharge | D31: INR /kWh | E31: 0
B32: 20 | C32: Electricity Duty | D32: INR /kWh | E32: 0
B33: 21 | C33: Tariff at drawl point | D33: INR /kWh | E33: =SUM(E27:E32) -> 4.4866443
B34: 22 | C34: Tariff at drawl point including Losses | D34: INR /kWh | E34: =E33*E20/E26 -> 4.8785873

Sheet UP
B1: Open Access Charges | I1: Grid Tariff
B2: S.no. | C2: Particular | D2: Unit | E2: Value | I2: Tod | J2: Hours | K2: Summer Months | L2: (April - Sept) | M2: Energy Charge | N2: ToD Tariff | O2: ED | P2: Landed Tariff
B3: 1 | C3: State Transmission Charges LTOA | D3: INR/Kwh | E3: 0.1337 | F3: after 50% exemption | I3: Off-Peak | J3: 5 | K3: 5 - 10 | L3: -0.15 | M3: 6.1 | N3: =M3*(1+L3) -> 5.185 | O3: =M3*0.075 -> 0.4575 | P3: =N3+O3 -> 5.6425
B4: 2 | C4: State Transmission Losses | D4: % | E4: 0.0318 | I4: Normal | J4: 9 | K4: 10 - 19 | L4: 0 | M4: 6.1 | N4: =M4*(1+L4) -> 6.1 | O4: =M4*0.075 -> 0.4575 | P4: =N4+O4 -> 6.5575
B5: 3 | C5: Operation & Administration Charges | D5: INR/kWh | E5: 0.05 | I5: Peak | J5: 8 | K5: 19 - 3 | L5: 0.15 | M5: 6.1 | N5: =M5*(1+L5) -> 7.015 | O5: =M5*0.075 -> 0.4575 | P5: =N5+O5 -> 7.4725
B6: 4 | C6: State Wheeling Charges | D6: INR/kWh | E6: 0.49925 | F6: after 50% exemption | I6: Normal | J6: 2 | K6: 3 - 5 | L6: 0 | M6: 6.1 | N6: =M6*(1+L6) -> 6.1 | O6: =M6*0.075 -> 0.4575 | P6: =N6+O6 -> 6.5575
B7: 5 | C7: State Wheeling Losses | D7: % | E7: 0.03
B8: 6 | C8: Cross Subsidy Surcharge | D8: INR/kWh | E8: 0 | I8: Tod | J8: Hours | K8: Winter Months | L8: Oct - March | M8: Energy Charge | N8: Tod Tariff | O8: ED | P8: Landed Tariff
B9: 7 | C9: Additional Surcharge | D9: INR/kWh | E9: 0 | I9: Normal | J9: 6 | K9: 5 - 11 | L9: 0 | M9: 6.1 | N9: =M9*(1+L9) -> 6.1 | O9: =M9*0.075 -> 0.4575 | P9: =N9+O9 -> 6.5575
B10: 8 | C10: Electricity Duty (captive and Group Captive) | D10: INR/kWh | E10: 0 | I10: Normal | J10: 6 | K10: 11 - 17 | L10: 0 | M10: 6.1 | N10: =M10*(1+L10) -> 6.1 | O10: =M10*0.075 -> 0.4575 | P10: =N10+O10 -> 6.5575
B11: 9 | C11: Capping of Banked Energy | D11: % | E11: 0.3 | I11: Peak | J11: 6 | K11: 17 - 23 | L11: 0.15 | M11: 6.1 | N11: =M11*(1+L11) -> 7.015 | O11: =M11*0.075 -> 0.4575 | P11: =N11+O11 -> 7.4725
B12: 10 | C12: Banking Charges | D12: % | E12: 0.08 | I12: Off-Peak | J12: 6 | K12: 23 - 5 | L12: -0.15 | M12: 6.1 | N12: =M12*(1+L12) -> 5.185 | O12: =M12*0.075 -> 0.4575 | P12: =N12+O12 -> 5.6425
B15: Landed Tariff
B16: S.No. | C16: Particulars | D16: UoM | E16: Solar
B17: 1 | C17: Capacity | D17: MWac | E17: 1
B18: 2 | C18: Expected CUF (AC) | D18: % | E18: 0.26995956
B19: 3 | C19: Expected energy generation/annum | D19: Cr. kWh | E19: =E18*E17*24*365*1000/10^7 -> 0.23648457
B20: 4 | C20: STU Transmission Losses | D20: % | E20: 0.0318
B21: 5 | C21: Wheeling Losses | D21: % | E21: =E7 -> 0.03
B22: 6 | C22: Expected Energy after Losses | D22: Cr. kWh | E22: =E19*(1-E20)*(1-E21) -> 0.22209543
B23: 7 | C23: Banking Charges | D23: % | E23: 0.08
B24: 8 | C24: Expected energy Delivered/annum | D24: Cr. kWh | E24: =E22*(1-E23) -> 0.2043278
B25: 9 | C25: Tariff at Injection point | D25: INR /kWh | E25: 3.5
B26: 10 | C26: Transmission Charges | D26: INR /kWh | E26: =E3 -> 0.1337
B27: 11 | C27: Wheeling Charges | D27: INR /kWh | E27: =E6 -> 0.49925
B28: 12 | C28: Cross subsidy surcharge | D28: INR /kWh | E28: 0
B29: 13 | C29: Additional Surcharge | D29: INR /kWh | E29: 0
B30: 14 | C30: Operation & Administration Charges | D30: INR /kWh | E30: 0.05
B31: 15 | C31: Electricity Duty | D31: INR /kWh | E31: 0
B32: 16 | C32: Tariff at drawl point | D32: INR /kWh | E32: =SUM(E25:E31) -> 4.18295
B33: 17 | C33: Tariff at drawl point including Losses | D33: INR /kWh | E33: =E32*E19/E24 -> 4.8412558
